{"cameraMode":{"drawMode":0,"name":"Shaded","section":"Shading Mode"},"sceneLighting":false,"audioPlay":false,"sceneViewState":{"m_AlwaysRefresh":false,"showFog":true,"showSkybox":false,"showFlares":true,"showImageEffects":true,"showParticleSystems":true,"showVisualEffectGraphs":true,"m_FxEnabled":true},"in2DMode":false,"pivot":{"x":-0.6719624996185303,"y":2.0003817081451418,"z":-3.0782265663146974},"rotation":{"x":-0.028769077733159066,"y":-0.050361234694719318,"z":0.0014551813947036863,"w":-0.9983270764350891},"size":2.715768575668335,"orthographic":false}